1.155419397971996887e+00,-9.906365690145987335e-01
-2.057577933698851724e-01,1.345283171177810988e-01
-4.170393713939941072e-01,4.275632470852087641e-01
-9.251024894256407727e-01,8.604803554850055658e-01
-1.253231039194537155e+00,-9.742909416711604820e-01
1.165087381593631344e+00,-3.432423700674901990e-01
-1.226706670701393831e+00,1.521780376123449630e+00
2.592947482126879422e-01,1.189997601533083982e+00
6.801810842316954320e-01,-4.150460421018498658e-01
3.543713635646086324e-01,9.838844078660297088e-01
4.402201479713899746e-01,-1.574323830260326407e+00
-1.544034514401935843e+00,1.266320221458985262e+00
1.148107620718598731e+00,-3.174998394494593645e-01
-1.067266383070526459e+00,4.534466648378383535e-01
-6.105703890419975632e-01,9.346396086934871672e-01
-9.685933728695554912e-01,-4.047461581845434031e-01
-6.251478555116174451e-01,-1.068054255103727090e+00
-9.899501184984433877e-01,-8.821803545363410270e-01
1.338983160769993574e+00,-2.531262418728361663e-01
1.362905339426059959e+00,1.039136482550968354e+00
-5.130853162918626031e-01,-1.118220126916746660e+00
-6.934001410152050848e-01,1.032403528780928559e+00
-1.275379844283665687e+00,-9.280657416434532347e-01
-1.169131226778886479e+00,-5.590239914637772367e-01
2.753975617024954081e-01,-7.512448375468491202e-01
5.206494752540041793e-01,9.889122944305821228e-02
-1.357222176123032309e+00,8.203558080626385252e-01
1.394382291173598576e+00,6.059872144796705218e-01
-1.052249540458451538e+00,1.067017380960490591e+00
6.280698591680204945e-01,5.623573510909279927e-01
8.778327740756552977e-01,-8.949254863009095118e-01
1.276691858556149306e+00,1.260642887353331076e+00
9.109420836985504533e-01,5.779308120252564240e-01
-1.383098922827157740e+00,1.470767986819694340e+00
-3.662993633204000288e-01,-6.507466351944954930e-01
2.169241899971953783e-02,-1.702359888173717195e+00
-9.111758290817768557e-01,-1.026447472232685065e+00
-3.827152534472582079e-01,-7.031402629010774508e-01
4.588208112168171149e-01,1.407088518483548434e+00
-2.352740970529898779e-01,-6.282870925898516035e-01
-3.770760700027666057e-01,1.331822596652026958e+00
-1.198585384584983510e-01,-4.079096124811460444e-01
4.264771284608088187e-01,7.200294077420413830e-01
6.914163742846906047e-01,1.117837352150090613e+00
-1.482644545070971098e+00,2.045749378578080868e-01
-2.747534103733354285e-02,-6.027612888205891029e-01
1.049933018692379649e+00,-1.411322039421203378e+00
-1.271578806858686850e+00,1.371432518831771752e+00
-1.189451539439432270e+00,1.574358442269128577e+00
6.996165346556888487e-01,6.949534470273751596e-01
1.425950901905508772e+00,5.029095213395742281e-01
-8.644777750191581234e-01,-1.298075128902404840e+00
-9.907731860619847231e-01,-1.611568425404450666e+00
8.691292004095377832e-01,1.407992147294690355e+00
-1.384060398668264691e+00,-6.966943214989552713e-01
9.897323581228812950e-01,-1.064215434430779428e-01
-3.213168483441182222e-01,1.635627729386393836e-01
3.521403552845719376e-01,-1.412758657869386925e+00
-1.348125734772042950e-01,6.430760391556135103e-01
1.206937633168603252e+00,-6.805355344775815274e-01
1.044983765233632456e+00,-1.358755680154498213e+00
-1.381785663970290512e-01,1.595771675775675913e+00
-1.242717601327820720e+00,9.723318816127950459e-01
7.256969526185159669e-01,5.185719995857394071e-01
-8.343666901754989151e-01,1.377974318451337554e+00
3.834302718828693640e-02,-1.303020380702315295e+00
-1.597777085099758354e+00,8.062021227173643556e-01
-1.198585715596528267e+00,-1.517830587609708459e+00
4.285056174557818065e-01,-1.613384161670154748e+00
-1.143779382885351303e+00,5.644710390334994887e-01
-7.960000883321308729e-01,1.627207547449265768e+00
-6.612810859519853424e-02,-1.506033831815397836e-02
-1.255777840986565641e+00,2.678847262389234124e-02
1.728298194950164346e+00,8.148245706104708663e-01
1.720324933918468968e+00,-4.433165080272036263e-01
3.641215960309023836e-01,1.138119924785541359e+00
1.473668898243287950e+00,1.187047436622932661e+00
1.408487591013521056e+00,-3.115031184254747620e-02
1.599868713775718598e+00,-1.327590792664318231e+00
-1.250100920709373176e+00,-6.783317900031272663e-01
1.490643048374376889e+00,9.672584427716601763e-02
-5.053773967841901360e-01,3.390081907437973996e-01
-6.187421200285424527e-01,1.626665001393898358e+00
-9.887865162288713705e-01,1.066363108648455960e+00
9.613822210824333192e-01,1.457780354886162311e+00
-1.495407435934022367e+00,1.597741787057763707e+00
-1.414267146568171984e+00,-4.757515724573960214e-01
-8.596298840145102371e-01,-9.997284703096561698e-01
-2.813508932469773738e-01,1.387208723271327326e-01
6.337003804584183664e-01,1.212410955281932878e+00
-5.933293390212100726e-02,1.118030603683026536e+00
1.437995120319253584e+00,-3.001832399283808073e-01
-5.937398936477676914e-01,-3.338028596413852855e-01
-1.516269877927930443e+00,-8.632796132520675902e-01
1.858025272023784702e-02,8.672926327983163652e-01
6.865670503627447907e-01,5.069421144926758993e-01
9.692870137379301365e-01,1.136603927775692524e+00
1.237504308351749405e+00,-8.866729672019539876e-01
-1.219066618322466322e+00,-1.164660435206303357e-01
8.646696119880192821e-01,7.520244607751217503e-01
7.945997856176781893e-01,2.404988960374687679e-01
-9.141000720026694060e-01,-9.683493857427055707e-01
-1.056022616254267632e+00,1.360141907531435379e+00
1.793116273540520111e-01,1.206330380328773488e+00
-8.400748413021196237e-01,7.318419766604786769e-01
3.406668582279970825e-01,9.331198540778753436e-01
-1.385391043512040676e+00,5.148643573650329985e-01
-4.422494048014495860e-01,-7.453984937211644013e-01
1.574178538515742964e+00,-2.971765269996198833e-01
-1.692954688408211950e-01,-1.682808827958558018e+00
4.276517297618397939e-01,-3.493696402022144001e-03
-7.930484897882782436e-01,1.481777396743549913e+00
-7.766460635958711833e-01,-1.242446744601257036e+00
1.848790963208527538e-01,5.745035129033340127e-01
-9.583292156224183511e-01,-9.251374010551104421e-01
1.271176400457796341e+00,1.839231071517303806e-01
-1.376773723621282475e+00,1.195797570281988298e+00
7.712980166481838706e-01,-8.054207132931053836e-01
-1.247795327509757302e+00,-1.242066869464208301e+00
6.122422667578821809e-01,-1.727249082614423337e+00
2.963002539315360839e-01,1.516950442192676718e+00
1.642830877396640021e+00,-1.370710148634276759e+00
-4.019971844844436037e-01,2.447218416913377326e-01
-1.215964118211387612e+00,4.355843314699671676e-01
-1.576613090820808250e+00,1.113104093961973184e+00
1.488778497734460360e-01,-9.919391664299476163e-01
-8.879208574255257336e-01,1.367768708686564416e+00
8.174089390490941742e-01,5.081095987728566632e-01
-8.106172994066558612e-02,1.251206816716273984e+00
-1.142356019862279304e+00,8.781510118401658627e-01
1.306965293503706826e-01,-1.395313912775610010e+00
9.363364117911264495e-02,-5.908301615993228895e-01
1.885871801992453356e-01,8.406089326966624808e-01
-1.300002889836687103e+00,-1.547377392119865247e-01
7.020935211465014836e-04,-1.480428610312951143e+00
8.509623668123742490e-01,-4.365690006049873784e-01
-9.102505648416565620e-01,8.563575473069795496e-01
-3.399633002332729248e-01,-7.876562209594816233e-01
-7.335271027606118377e-01,-3.673856757709549337e-01
-1.620023522395517501e+00,4.805770793457815881e-01
-3.131348880733361151e-01,4.132516029854945150e-01
-1.173934648068313935e+00,2.105542879561566327e-01
1.463671670864712837e+00,-1.411112011541387989e+00
1.709489688348762693e+00,6.011210976067822287e-01
-1.338625607936489104e+00,-1.128326787839844636e+00
5.273097597671173864e-02,8.434342944438688594e-01
2.261697125551979937e-01,9.325009328226201155e-02
-6.110728671118840216e-01,6.251278555586241570e-01
-1.757659814017471789e-01,1.570567477086089347e+00
-5.817372327550199840e-01,3.724970721186387501e-01
-5.184067773816163349e-01,-1.576521622507009779e+00
-5.790695228766939984e-01,-1.289260094364977016e+00
1.181361516552883684e+00,6.339117094105412020e-01
1.325611836937608423e+00,-2.700799645768515722e-01
-1.024768966077824972e+00,1.218807908578636745e+00
6.332351605508292902e-01,-1.531031215593715133e+00
4.307658289993380185e-01,-6.027417138169939292e-01
-4.928965214283770879e-01,-1.281442275515662255e+00
-9.764549398436076499e-01,-1.072950992527546443e+00
1.124349075394363462e+00,-1.702577975699625767e+00
5.829110434143003339e-02,-1.439147729829909794e+00
-9.988218236348989088e-01,-4.464483707585373828e-01
-1.230064371726167671e+00,1.690621677942756584e-01
-6.450525767054479109e-01,6.092386406917567054e-01
3.154828234265873860e-02,1.544567137913393229e-01
-4.077741187938228595e-01,7.957758753164716481e-01
-2.459595000058638070e-01,-1.032472681791685387e+00
-1.206794281880058550e+00,6.904870704183247998e-01
1.108580593118135615e+00,-8.809890161227127425e-01
1.345268402728959201e+00,-7.313542098127217006e-01
-1.178388818805654159e+00,1.335936534594162950e+00
1.569960497165101776e+00,1.006616905931478456e+00
-3.626779708534610958e-01,1.155738794324109531e+00
-1.005969518775325255e+00,-1.043383452945724876e+00
1.323157926979900423e-01,-1.013677842963588427e+00
-5.417658593789448362e-01,1.231328861706757483e+00
7.705981192530555468e-01,-1.056662725099023037e+00
5.436389262205540973e-01,-1.128850340517203454e+00
4.997967160502346240e-01,-7.125702883913173080e-01
-2.838571617636846955e-01,6.844421770191418952e-01
3.563320235418335757e-01,6.427231988871832113e-01
1.666012796566391785e+00,1.227738798079619054e+00
-3.891600981743362775e-01,9.142481692256296810e-01
1.639437329973488344e+00,-4.355080795154491202e-01
7.272904240178793556e-01,-1.398871492756102342e+00
1.322075395282670485e+00,-5.800538543091615651e-01
-4.155213014148530504e-01,4.793787713903674974e-01
8.711685434831768493e-01,-1.084381495919345628e+00
7.495709351252866082e-01,9.538750409505367123e-02
-3.870524372037757038e-02,-8.098283363850424799e-01
-2.061608627554846751e-01,1.278361325837118201e-01
1.262579229223591337e+00,-2.066912050608009088e-01
-1.291816248026285585e+00,5.351576550505591223e-01
5.446047635574510215e-01,-1.431501102959219750e-02
-1.097447419755892273e-01,4.569704957172271986e-01
7.999902194988812720e-01,-1.326939951207800616e+00
-1.400988540403325322e+00,7.999723623101390180e-01
-1.843165973549538705e-01,-5.153911707723276558e-01
-9.839145751688073149e-01,-1.586455130438072736e+00
-4.284966948734454384e-01,1.584656698906388161e+00
1.290437887548273599e+00,-1.562181216615873058e+00
1.932617122456425918e-01,-1.537026935765873015e+00
1.042299606946007984e+00,-1.414854205251676378e+00
1.412027068774367233e+00,1.628035247356324211e+00
1.294208617795455707e+00,-1.346271919943673012e+00
-1.119826270323525996e+00,-4.512402573354324931e-01
-8.798063828325793437e-03,1.441707592684936756e+00
-1.196880426690852373e+00,-5.178719370406467126e-01
-7.044880184751163288e-01,-9.943296610297193139e-01
-6.258778304996269470e-02,1.361699328639382589e+00
9.521868719107020596e-01,1.399282520272620012e-01
1.112052847094398667e+00,-1.157048750476059817e+00
6.557417481098530843e-01,1.129981263285340987e+00
-2.688026486207643617e-01,-5.404649598745846495e-01
5.284282490366594143e-01,-4.385611391837372364e-01
-3.621251245509075067e-01,1.240312816829034048e+00
-8.108112916524746749e-01,7.594800487297175273e-01
1.552771040171389005e+00,9.324476046923555472e-01
6.963375445564091715e-01,1.085617233127822656e+00
-6.912144445988158692e-01,1.285981382508488924e+00
-1.179921315597481257e+00,-5.904400864412732985e-02
1.145260921239696916e+00,8.880556008476683250e-01
1.708976444073936340e+00,1.194139315277348512e+00
-4.912453303240414959e-01,1.413283081745147163e+00
-1.478930908590766036e+00,1.191571563640506648e+00
-1.209839648847636617e+00,9.044428299500737456e-01
-1.473623179139976092e+00,-3.975705008393931594e-01
1.484829582922914337e+00,-1.539510078845134355e-01
1.175350388019405085e-01,-1.195311589087196147e+00
-1.390479552907964322e+00,8.608809329821539569e-01
8.602810844478847585e-02,1.665232485888041847e+00
9.295501382942094049e-01,1.578912896909729913e+00
5.723534888491575989e-01,-7.725718575490565510e-01
2.154579492378107808e-01,1.623507183020067024e-01
5.810121627406411582e-01,6.257862262072004522e-02
-1.668901405423612649e+00,1.173931677688466957e+00
-1.329464275485192082e-01,1.222502274703958225e+00
8.710819528031485959e-01,-1.082181195934002194e+00
1.510409370007779195e+00,-1.517100299011126641e+00
9.923141122517010748e-01,-1.168254382772445643e+00
1.632925169248472086e+00,-2.696472826276912205e-01
-7.979625146442580891e-03,2.115431318544286690e-02
1.314588268120920667e+00,9.378878721643117977e-01
-3.450110189164248276e-01,-4.475938630201661272e-01
-1.621168108835416621e+00,9.672656668399306490e-01
2.466323321125608869e-01,-1.742720686456598722e+00
3.193676217046879651e-01,8.324638459965709725e-01
9.029730564146581928e-01,-1.736974427160735690e+00
1.592016746746884870e+00,1.179434785991018586e+00
1.638662958557817406e+00,-6.635506992830531026e-01
-1.584143410868791513e+00,-3.199952379982000661e-01
8.378996580424904472e-01,1.137678915072090735e+00
2.617885978459451590e-01,-1.520072088876900596e+00
-9.134624501091590520e-01,-1.341074828136514574e+00
3.926945502645584618e-01,1.426284971274185687e-01
9.785765710242646520e-01,1.091408888634356256e+00
5.275049524860278005e-01,1.645678758590444879e+00
1.473469075245008808e+00,1.169785721581246607e+00
-2.256803157735963183e-01,-5.462490889143298833e-01
-1.456028641203940044e+00,-4.252074731698513022e-01
1.035799182388853490e+00,-1.712103072420186889e+00
1.322515461785639834e+00,-1.491865644164699578e+00
-1.323398560433653337e+00,-2.515889179490699568e-01
9.790336824687472239e-01,1.535445593418583998e+00
-3.876706755881780819e-01,-1.297567609035518599e+00
-9.273161299293674054e-01,-8.480598246683689334e-01
3.687678423179218679e-01,-8.573205348990156072e-01
1.255935931879842204e+00,2.105633604822560179e-01
-1.398779070386517720e+00,2.054938971721687879e-01
-4.634071837839611185e-01,-7.494406131264780280e-01
-5.082918473227432399e-01,6.815008504587050098e-01
-1.504083535079929757e+00,-2.330063020005338492e-01
-1.341462562274480019e+00,1.123096118417806544e+00
6.314687467313866431e-01,8.513016427114638018e-01
4.736663470481600191e-01,1.936977050799677524e-01
-6.848225853486609171e-01,1.198740274884418255e+00
1.081338817610169700e+00,-1.546310301232746598e+00
1.556149810979349679e+00,1.547407304539547113e+00
-1.201810203748556738e+00,-2.550602710889637859e-01
3.451778377009558363e-01,1.593959728455478730e+00
8.924465494248753350e-01,5.338182253088183948e-01
4.264892012924622472e-02,7.316279079133777286e-01
7.731509626367210064e-01,-1.669374647201417039e+00
-1.264892506003166828e+00,9.100066820342270768e-01
7.477102795716024097e-01,-1.532584055099979636e+00
1.631474326298859578e+00,1.136277247454462458e+00
-1.398912476889194512e+00,9.911736654995028095e-01
1.144865925391780559e+00,1.069017815901236013e+00
-5.018569519526409062e-01,6.451424887972729838e-01
-6.317067545517328631e-01,-1.551384239018261724e+00
1.266588342264884703e+00,-5.000938510737383824e-01
-1.581441318964280196e+00,-1.270869131841154021e+00
-1.164617645265060952e+00,1.058743815117150211e+00
-3.781241807858715109e-01,1.301590096555256482e+00
-1.667901667550447886e+00,-8.530422372252400853e-01
1.238671104691431157e-01,1.462067305776354686e+00
1.190771432166726873e+00,-1.462932452488345580e+00
-1.547593925117024538e+00,-8.257966444958353414e-01
1.532218959736233899e+00,-1.368580048209100397e+00
-5.104149618599542748e-01,-1.367714692219023309e+00
-6.573261748846608299e-01,-1.308719400709429381e+00
5.982274106037810402e-01,8.550838793685813233e-01
-1.887928608162573185e-01,-1.053512935420095609e+00
4.155341261720769119e-01,1.179811501103990246e+00
-2.575512885022995802e-01,-9.476038114455219707e-01
-6.547235915394407080e-01,1.068077452878344769e+00
-1.415145726899337930e+00,1.140226136201889284e+00
-1.636403263391444485e+00,9.399990927033093913e-01
-1.352723348588792840e+00,3.941663728909640119e-01
1.268813602353114911e+00,4.610136676343355375e-03
1.510206288982144818e+00,-1.483032131135479270e+00
9.539719498072861681e-01,-1.528190118269905584e+00
-8.202926498525896504e-01,7.380020447160973163e-01
7.414881340478067795e-01,-1.671061172970017106e+00
-1.669068909993935312e+00,-1.851623257854992377e-01
1.646838898133264228e+00,-1.118423536889351588e+00
1.401666389572167715e+00,-1.441166585880803375e+00
-1.101430006580565779e+00,-2.064415396437746797e-01
-7.207093210211383827e-01,-9.963677160590218573e-01
5.064933204196840899e-01,6.118011520688272364e-01
-1.310585609614970171e+00,1.589108736397129684e+00
8.387810177675804058e-01,8.009634160089887933e-01
-7.345192865794090142e-01,1.653189422641071049e+00
-1.007633223749754281e+00,3.734790186072071694e-01
3.310230236736533826e-01,1.379977865509020907e+00
1.036571525960907847e+00,-2.155695379550729152e-01
1.348917409996659655e+00,-1.181756900490164020e+00
-1.422591664962207902e+00,1.590881058840504458e+00
-1.549039152241492356e+00,3.304436147408420371e-02
-5.314462720391397443e-01,9.053213921107537976e-01
-7.487535731182327625e-01,-7.692065106539277552e-01
1.310221132552298107e+00,3.861832962578186090e-01
-5.753027421181557965e-01,-1.701526895118531391e+00
9.374654147528577175e-01,-8.243992068948620133e-01
-1.649692581102100597e+00,7.678476503936280118e-01
-1.340788992440726801e+00,-9.039648651864550244e-01
3.514750838017621781e-01,-1.433492101905468885e-01
1.696496379923644104e+00,1.519694169055374910e+00
-1.424210561687448529e+00,7.788506488080972900e-01
-1.026202457185637629e-02,5.032986372789709506e-01
-1.983073694604805259e-01,1.136371143723936106e+00
-1.240443538898511999e+00,2.905961150239618762e-01
-7.665222823290201992e-01,-1.694676295223294105e-01
-9.163697144647852885e-03,9.782827344838171402e-02
-2.628609055768007519e-01,1.051542303688914215e+00
-8.993756318138913519e-01,1.542733817117957429e+00
-7.501764991450512142e-03,1.722960433801691005e-01
1.136209428914392028e+00,-9.464952084684826739e-01
1.322055714882461208e+00,1.037845871059885017e+00
-6.659936156465039447e-01,-1.223989650605218360e+00
-1.636150922844366695e+00,2.277439789265662817e-01
1.632474121296567215e+00,-1.739829002578233919e+00
-9.645251126519531759e-01,-2.511968622585606936e-01
1.060831535671939996e+00,1.153726184981669123e+00
1.533180954357750592e+00,-3.145919903384992722e-01
-1.560157976126919088e-01,-1.979944059640274812e-01
-3.515262433915041645e-02,-1.581883297824038914e+00
-1.666359628663707682e+00,-1.259199575174310137e+00
8.653323980502781732e-01,-4.152902603704757278e-01
1.217127478769986837e+00,-1.672024885840951880e+00
-1.264803111248425926e+00,-1.061467123738452756e+00
-2.915219356372340531e-01,1.473126819609720028e+00
4.669714051243248343e-02,6.630703177980759033e-01
-1.147305165589891152e+00,-1.209065316667083501e+00
2.691098657392603788e-01,1.555079660456252011e+00
-1.095125245546108683e+00,-3.956238030277550166e-01
1.036675802130423429e+00,9.728606089627287457e-01
1.432127702470628705e+00,3.728629068161108950e-01
-4.486358671168609313e-01,-3.282002214245591243e-01
1.494773510829347840e+00,1.647977494628854345e+00
1.608150171625826186e+00,3.989951591540953912e-01
1.281391486216517883e+00,-1.702482522137307663e+00
1.683863276979502110e+00,2.443593629444289553e-02
-1.320190689917424720e+00,3.041323144334407997e-03
-6.231545339951148899e-01,8.120168817510016179e-01
1.342708626762845414e+00,1.405368817096356970e+00
1.188368267783658450e+00,-2.277783000818471848e-01
-1.670207434820946801e+00,-2.965154207664869035e-02
1.003718041185967857e+00,-4.218652371465225759e-01
-1.381207473715220235e+00,1.503806073694732737e+00
-1.084939079869734702e+00,-5.102323804996061751e-01
-1.114153266538169818e-01,4.854031331496884705e-01
7.910971366854789855e-01,1.941534466769414269e-01
2.459853065543077602e-02,-1.412016777333227280e+00
7.171312026379708104e-01,1.008527345035070966e-01
1.318613781609911939e-01,-1.325861108134729349e+00
5.920377255575045572e-01,-1.054672910275805009e+00
1.040080793895547112e-01,3.357306241607921349e-01
-8.810933936566840430e-01,1.378179496425777861e+00
1.489449971005396556e+00,5.682713161263950319e-01
-1.302204133436584810e+00,2.460058251805783691e-01
8.811082402265761893e-01,-1.705111622433937102e+00
1.305617180975412905e+00,8.378747138579347720e-01
1.180003228078014388e+00,-1.282909611561808383e+00
-7.721584000266900061e-01,-1.409588362011812812e+00
1.548238764827417402e+00,-3.932714822232327712e-01
1.081589321055666630e+00,-1.932462539183730788e-01
-1.370673877614757341e+00,3.942721514393414117e-01
1.403897089286037181e+00,1.250800909073577660e+00
-1.904360275197159447e-01,-1.567949684475077543e+00
1.487347436733448935e+00,7.196693981069702817e-01
9.480615352466712498e-01,1.377376853713848659e+00
-1.432689971860714451e+00,1.135490020343456141e+00
-9.909244035472110079e-01,6.196558219581647098e-01
-1.066415971143258146e+00,-8.918934650695261590e-01
-9.009754775960885365e-01,-1.553839348875192705e+00
-1.642579127350545676e+00,1.091481341276850259e+00
-1.239850879288940000e+00,-4.408491733787771594e-01
9.968503449785388604e-01,7.436177047970836673e-01
-1.656541537364002226e+00,3.408618369457940833e-01
8.851762762649553196e-01,2.722365802953455316e-01
1.059226669234397455e+00,9.460575384487820427e-01
1.530074873861571039e+00,-8.010957764475227227e-01
4.625906044358329972e-02,7.548347978074368969e-01
-5.382776442410567297e-01,1.779095397530805478e-01
-2.908146181859402879e-01,-4.631724078246986925e-02
-4.265052516270901872e-01,-2.501960511490784467e-01
1.207678510660801452e+00,-9.291250497204720515e-01
-5.656346985967767305e-01,-1.559920539648241178e+00
-5.367747279590651122e-01,-3.682714492449683519e-01
7.215801138414272842e-01,-1.555988377331245509e+00
1.494882861162146304e+00,9.304049749764624622e-01
-6.276518608659165110e-01,1.570262022319936390e+00
-7.751059536118385385e-01,-1.137130539911422433e+00
7.160682461524518760e-02,1.257798803155092848e+00
1.438458630734466892e+00,1.385324997464524976e+00
-3.477258713145510716e-01,-1.698850954184568218e+00
-1.507941401876022658e+00,-4.430145771437595803e-01
-4.399910279527259882e-01,8.939060769398997630e-01
1.371111151890779034e+00,9.435871099885863311e-02
6.485022812433545447e-02,-9.509934376346402818e-01
1.482830728356044236e+00,2.019150954968099432e-01
-5.277787640499066457e-01,1.587207854061797319e+00
9.073256858057161534e-01,-7.200725307239567163e-01
-8.231823708884735691e-01,7.609662891657227313e-01
-7.608828130136403578e-01,-6.269371542050884427e-01
3.287374138261963119e-01,-7.167129043744793759e-02
1.189479920831241433e+00,-1.216805463925382691e+00
1.114303149125219106e+00,-4.118908639979425995e-02
3.231073839699650785e-01,-7.019493397299070292e-01
-8.013859312114900435e-01,4.306968259462701787e-01
8.890694207897207324e-01,-3.901643360228901347e-01
1.097582838059028454e+00,-1.619365977272051005e+00
1.197928712920460770e+00,-1.348523249665460000e+00
1.496553468276648369e+00,1.698399397727071436e-01
9.115834004064909957e-01,-1.371569763965552538e-02
-1.418350425027246065e+00,-4.269633918707871900e-01
-8.792740243508612163e-02,3.786482503077753803e-01
-4.428782075680726127e-01,1.346895215008380609e+00
1.202246088709747251e+00,-1.625132766509512328e+00
1.692813371957450963e+00,1.641889916551942497e+00
-1.262808658249349403e+00,-1.484691809659025308e-01
-3.679545485223640333e-01,5.509610487601569462e-01
-1.761190947311136179e-01,-5.590120588150861158e-02
-9.112901257072032468e-01,-6.238493998921730288e-01
-5.947327332180594173e-01,-9.063008081404405614e-01
-1.097417239070299644e+00,1.023710037645543913e+00
-1.442519635834806691e+00,-6.374295538885945689e-01
1.019612895074360814e+00,1.034903503998274354e+00
3.300760257028911848e-01,-1.294376505988632964e+00
9.564638467938152422e-01,-8.920663257082613873e-01
6.776115927197857713e-01,3.486028163473413599e-01
1.203469504508099863e+00,-8.585064206689253519e-01
-6.646301646687399201e-01,3.373098994237592740e-01
-1.563915115092462171e+00,2.748124855506591246e-01
-1.245078812003656665e+00,-4.598992420765089517e-01
-3.972069403925921338e-01,9.658986157577553744e-01
4.591338600040666962e-01,-5.509579830056137162e-01
-4.630685567101132105e-01,-1.680224279942492682e+00
-1.881392838969219161e-01,2.104234478524794616e-01
-1.667024593793005494e+00,9.002436770113948494e-01
-1.109442011949181683e+00,1.579318208605037022e+00
-2.536977672800632688e-01,1.078897009760312997e+00
6.699306850571339345e-01,-1.028876746064662839e+00
-8.456046817117484071e-01,1.226773169091012861e+00
-1.098160411231809741e+00,1.151496611101930689e+00
-1.351344057775989878e-02,-3.801605105538772428e-02
4.441230561632838331e-02,-7.779739227856191652e-01
1.625064077577890398e+00,-2.393701716224463372e-01
-1.661970842750681410e+00,-5.806492413127595925e-02
-2.053811347405845311e-01,-7.708077199582825667e-01
8.759265060934359193e-01,-1.583914287388445752e+00
-1.133630187059215828e-04,-3.187566066455153058e-01
-1.490176292274815850e+00,-2.468123182630327650e-01
-6.290772119606127255e-01,4.469067068611246585e-01
-7.916118500146641646e-01,1.969631672862247884e-01
-1.204795951450208680e+00,4.100336618698268154e-01
2.350916197750303471e-01,-5.794575026298167675e-01
-1.194387895354336315e+00,1.264977050811473824e-01
-4.979332786490672236e-01,1.332310715054054961e+00
-8.192717704344654184e-01,8.015050287878563440e-01
9.227812754184069322e-01,6.895636677529655145e-01
1.002978694917887603e+00,6.476805085626201608e-01
-1.111512379419697938e+00,-4.179531109683818357e-01
3.652432302102109341e-01,6.902465875111614135e-01
1.425709394269980557e+00,-1.319590666781798483e+00
-1.359451442764751272e+00,-1.257479578783346374e+00
1.097644371866369983e+00,-1.505747019860141256e+00
-6.038552217256922816e-01,2.038483850209907994e-02
-1.382467820261138014e+00,-1.495465478317277830e+00
-1.400013590023013288e+00,-1.519267894012397146e+00
-1.191282685665222552e-01,8.506567861627307714e-01
-1.014993089244581453e-01,3.816284786468006687e-03
-1.005472504869740602e+00,-1.352138779625494447e+00
-1.492337797748465533e+00,3.933721603126054678e-01
-8.018284945336406899e-01,-1.712484112032523598e+00
5.007132250147185992e-01,5.376874445661397051e-01
-1.604233140346719155e+00,1.656088159476817978e+00
-4.955141021168910087e-02,2.601850600418868092e-02
9.296595172232055004e-01,-1.851473015869300187e-01
1.186654423264632774e+00,1.158638301273721360e+00
-5.138880944461212685e-01,-9.194501876328166068e-01
1.026585284596063463e+00,-1.323571525369733104e+00
9.274517383024665218e-01,-1.354109791852708300e+00
-1.094402079210169854e+00,1.536441956015272003e+00
-1.351272093051556711e+00,-1.015349707345620356e+00
7.156391517998783591e-01,-1.176782130015118888e+00
2.984872653774661155e-01,-1.356588345877519419e+00
4.090652699693360095e-01,-5.202053629086345055e-01
7.633509403912379643e-01,8.914749696052300942e-01
-3.668427547745750084e-01,-1.074739197869449159e+00
1.675149571150188477e+00,-1.014719827455888845e+00
-5.876253517844888252e-01,6.412018666025844915e-01
-7.861040638410924375e-01,-6.037005087195249642e-01
1.447174529163899548e+00,-1.374074697860331762e+00
1.180754993965562383e+00,-3.028010899642641918e-01
9.700507281695132100e-01,-3.146016959802233059e-01
-5.299781975218013086e-01,8.881574994498149245e-01
5.300878792388176164e-01,-4.618531920936396196e-01
1.520723523857579362e+00,-6.302192302592989070e-02
-1.479807142602912684e+00,-2.124970086703717176e-01
1.952797493961716535e-01,-1.312885840606928256e-01
-1.068037878225883697e+00,1.598624331950157407e+00
-1.305239547020915492e+00,-1.570310706215810370e+00
-3.402374035200765312e-01,-5.251851427184808241e-01
4.891711259347865104e-01,-1.200789962915947306e+00
9.896325212759145007e-01,-1.432556121350578415e+00
8.869589082429100158e-01,3.775500038670570602e-01
1.842584017040328204e-01,1.209779362022193716e+00
3.166995978989143867e-01,8.501155722102508028e-01
9.297195662510497893e-01,1.041177054395731272e+00
1.044878876141047019e+00,-3.111682223141611359e-01
1.123678462480359741e+00,2.045343776788806911e-01
-1.598115571183165828e+00,-5.623611309792989621e-01
-1.663647597795192334e+00,-1.426286153441482352e+00
5.758346119385011619e-01,5.670241441300346574e-01
3.973391953394914689e-01,6.769310238484942399e-01
1.898245254163050122e-01,-1.674817596317989654e+00
-9.312057077880233624e-01,1.459064590131134542e+00
8.228315135718169415e-01,-8.499926039852071513e-01
1.231163337875320479e-01,-5.235369998923679047e-01
-1.303370118064078431e+00,-8.587010745980466764e-01
-1.055746240808293157e+00,-7.586745694976819721e-01
9.724983372162520068e-01,7.927771086074708595e-02
1.241791865744714007e+00,-1.190294695589578788e+00
4.752079704973873886e-01,-3.948275261138001757e-01
1.125249139611972149e+00,-1.324042202041957550e+00
-7.588811863472899599e-01,-1.998949696404002385e-01
-1.198637108086074710e+00,1.462282998051080085e+00
-1.610807963695997325e+00,-8.317922592785831348e-02
-1.431966803459010285e+00,8.004274048705791733e-01
1.721534710852804073e+00,1.307170848433986343e+00
-1.565864321009854399e+00,-4.607519147401354376e-01
1.045924984103470123e+00,-1.197474637639030615e+00
-1.676443517511034265e-01,-6.136169639590648844e-02
4.789424983824429605e-01,2.485479320086050187e-02
-8.815247409010183999e-01,-4.126899432805421902e-02
-1.361375912262719812e+00,-1.901888848651743513e-01
3.769849221963463837e-01,1.086435851620805026e+00
-1.395349006775046696e+00,-5.265480054146993716e-01
-4.361773864355462660e-01,1.324380677708080656e+00
1.322611343836231690e+00,-1.274131669898100672e+00
6.763017512715601143e-01,4.249159758713878104e-02
-1.443059829934008498e+00,-1.298497320086945850e+00
-5.209225045948797650e-01,-9.813747304460020970e-01
1.101148552313333306e+00,-6.419904845859196740e-01
-2.392645954650651219e-01,2.988704706546687073e-01
1.112095351209219096e+00,1.087996074932147561e+00
-2.233053516295849250e-02,1.510809307284733186e-02
5.821223531393585615e-01,-8.380658025574134751e-01
1.067935516996223688e+00,1.114196492730498145e+00
1.229224475014731199e+00,-1.352991087564060058e+00
-2.525389210139245555e-01,-8.180144526797376026e-01
-3.560570035528676791e-01,1.637585469955308071e+00
1.058983406217211209e+00,-1.168707167007493775e+00
6.289180309720877604e-01,-2.618435418523099023e-01
-4.485687176658668118e-01,1.598961078323909435e+00
-3.507534630139780979e-02,1.358052938516434160e+00
1.485630550561863883e+00,6.806025441455620939e-01
1.106154025025490650e+00,1.208300412163361592e+00
1.252501711460519251e+00,-1.302968368206699701e+00
5.097624898829854478e-01,2.012904637072873981e-01
1.035782140578058508e+00,-1.353815405507490910e+00
1.674688685269662303e+00,-1.216864969894267290e+00
-2.418927325571208764e-02,7.940983544637828517e-01
-9.942331765086732664e-01,1.513984921799479633e+00
5.001483637859386322e-01,1.399307664387358319e+00
3.328697499697799711e-01,-9.385693205803833372e-01
-8.901612435001113877e-01,-8.903530987904700877e-01
-1.358103398135632522e+00,5.761087087197986900e-01
-4.460570560215644798e-01,6.603784503091496561e-01
1.464554672168609795e+00,-6.178852395024888589e-01
1.189597770221414025e-01,7.557351012442403704e-02
6.728196186803708789e-01,-1.558858573591646923e+00
1.321982413192925865e+00,-1.404351311571140348e+00
1.239511892173920327e+00,-5.729747451672171366e-01
9.298959691648146508e-01,1.562538574826255244e+00
-8.940138661136300957e-01,1.565125666663790271e+00
-7.258215219863256573e-01,1.662432619169190440e-01
7.378440310329987817e-01,1.487159132264326722e+00
-1.181835223055754058e+00,-6.117151979178795385e-01
-1.012793750461493253e-01,-1.732975584614925957e+00
-4.429403331856078818e-01,5.041680951515474796e-01
9.348279806089041521e-01,-1.242489778410110546e+00
-1.170137362902582190e+00,-1.389626424852555386e+00
5.504908359502673765e-01,3.931974260128133225e-01
1.549732028560296460e+00,1.604666387239326530e+00
-1.360918036344848536e+00,7.227589938073344378e-01
3.925921490618641263e-01,1.030863069402191190e+00
-1.413278242221088332e+00,8.072911862952545370e-01
7.369566104651621707e-02,3.250851843434680588e-01
1.110962622883466588e+00,-9.194061224885541339e-01
-4.411601931040932678e-01,-1.124748607126231814e+00
7.419843833691706081e-01,-1.149815379531666570e+00
-5.327841808689564029e-01,1.413494628801410524e+00
-7.500960572492020306e-01,-2.337958940607628988e-02
-3.348016710198873924e-01,-1.472667576971062209e+00
-1.035257720958796979e+00,-7.672463499797055331e-01
-1.254408124133293390e+00,1.294487403577207818e+00
-4.464518256205045055e-01,3.850097980693972244e-01
-1.425184995600931259e+00,-7.591103030010083463e-01
-1.802114556233785567e-02,5.227281775433951783e-01
-8.247143134901147032e-01,-4.056455736674645374e-02
8.340944431985327645e-01,1.144772785513053087e-01
9.572722512248779125e-01,-2.467330221064846854e-02
9.025212959305448646e-01,-6.485602269262235042e-01
1.288091275305366101e-01,1.004163913482830406e+00
1.478429626038721301e+00,1.357807266476183994e+00
-1.249369101679204258e-01,-6.806174386944924271e-01
-3.346029159293380517e-01,7.692562723207703179e-01
7.488779345218757877e-01,-1.328889319367465571e+00
-1.672984372296451860e-01,-2.584927837729371070e-01
7.445214805353919107e-01,-3.362507333952087230e-01
-5.935165875249166501e-01,-1.088085136887811721e+00
1.030126282675463356e+00,-4.189434715759691730e-01
4.144053013269333174e-01,-9.721489185628031660e-01
-2.689026224344380767e-01,9.391115073225947407e-01
-5.279538562149842934e-02,6.573275705404633129e-01
-1.893617006170364436e-01,-9.748381015100546221e-02
-1.067701666180861375e+00,1.640614283637635173e+00
1.363981653399637839e+00,-1.218225709204889373e+00
1.269566423678360367e+00,-5.260135896001455480e-01
1.241072227357430169e+00,-1.058171559764621961e+00
-6.003737335760203075e-01,8.870295430391071934e-01
7.014039512688915456e-01,-3.191178198057416648e-01
1.674762450550353332e+00,9.880716399638835856e-01
1.786404514847281244e-01,-7.516525604040222852e-01
1.456530575962767360e+00,5.180344847502439398e-01
-1.164486751612601401e+00,1.631692826104464977e+00
1.827257244093594135e-02,1.064149090021073440e-01
7.592416732980512561e-01,1.540420731145527800e+00
2.892542663333315667e-01,-6.927540999993397897e-01
-4.878188341262817973e-01,1.631335590711745720e+00
8.776639710023983465e-01,-1.133104412000376815e+00
-1.099337963690915076e+00,-1.896045155627630874e-01
1.410843529350197745e+00,-3.562092056935503015e-01
-5.039398739612693801e-01,2.047820059103480639e-01
-1.408900907193281427e+00,1.656346143098150980e+00
-9.844842461290624902e-01,6.333909589295178000e-01
1.644062894282478926e-01,6.746818302904765696e-01
-6.686437608040499692e-01,8.711997373611741757e-01
-1.225696371931909834e+00,1.171236137246744802e+00
1.222458275741934219e+00,-1.493907503916335644e+00
1.329352051511872190e+00,-8.189142684940077244e-01
-7.284800009147921473e-01,-3.178583315885754046e-01
6.555257261304622274e-01,9.337788901862600355e-01
-1.237875398753051748e+00,1.168383225144977500e+00
1.299099083805258514e+00,1.477281526701393677e+00
6.025038001564381185e-01,-1.626560540728038795e+00
-7.069573975863664428e-01,1.127081697414711092e+00
1.178629592546680316e+00,-9.098027857355147630e-01
1.277860260505759404e+00,-1.443437868890596221e+00
-1.608879522220749925e+00,-9.563611521486453659e-01
-1.608730184108222439e+00,6.036468991232071257e-01
-3.845723320807892254e-01,1.135514208450148388e+00
-1.602449588622987697e+00,4.751590864331998731e-01
-1.028888147488152383e+00,8.250602916256404296e-01
-1.027328406177240971e+00,1.068644457112105206e+00
4.324911577162892096e-01,-5.027811074147205822e-02
-9.094864236033425309e-01,-9.188050734866712865e-01
6.479832231236601903e-01,-9.570180441500393265e-01
2.991356695334254079e-01,1.139308443460786968e+00
1.718193085139922305e+00,-1.505615621276154448e+00
3.012236166211550437e-01,2.052910858428045812e-02
-9.090969228864949070e-01,3.346809035030099966e-01
-2.537188050700548425e-01,-8.156163357586180274e-01
1.117074808000162012e+00,-1.743294188154121960e+00
-1.071709402654248633e+00,7.451569837736291557e-01
8.958530726537844435e-01,8.131050353159070820e-02
-7.940016601354125125e-01,-1.020636387077642038e+00
1.418893393328342079e+00,-1.261950986228631333e+00
2.787833428844740946e-01,-6.896368283057775495e-01
-8.248367016864531776e-01,-9.823548685841025641e-02
8.942823889693890527e-01,-1.098348749359079779e+00
8.139125202721551045e-01,1.402306285076173831e+00
-2.491100507393731733e-01,-7.557086099736868290e-01
5.281810564214201031e-01,-1.683807459272166351e+00
7.849367524073874725e-01,1.657231681967613390e+00
-4.810140724543116551e-03,-1.475428306806877421e+00
9.438730591814731286e-01,9.798130969266783952e-01
-9.807122778863982537e-01,-3.321237882636288163e-01
-4.432094946084280118e-01,-1.006562767796375102e+00
1.178863676182158260e+00,9.321494231672580177e-01
1.592153536452508789e+00,-1.598674765191499647e+00
1.813429221916808554e-01,-1.176335798537458954e+00
1.213099422185827558e+00,1.529276720069837614e+00
2.662564715612675270e-01,9.040850483739829579e-01
-8.033651851745590156e-01,1.339731645398994697e+00
3.359952280603640817e-01,1.029365920215596253e+00
-8.385612233076582545e-01,3.682356497859837208e-01
3.797846595763229027e-01,6.995665545545214359e-01
-1.362208014324377769e+00,1.449205311265209017e+00
1.319878982572096682e+00,9.575149291915783234e-01
-1.586960446949433834e+00,1.190561881196571248e+00
1.720425885870259464e+00,-1.867340528073526129e-01
-1.174944964467789621e+00,1.219006470790035213e+00
-1.214823631782564251e+00,8.845285146525763142e-01
5.173567204696863930e-01,3.696104080900357303e-02
-1.654155271685198381e+00,-1.222009642993618916e+00
-3.886446819623851079e-01,1.262761582790716819e+00
-6.066886540480338486e-01,-2.142893956792562282e-01
1.211018158467348282e+00,3.428697324062151552e-01
-1.375643664866534444e+00,5.619673862163246936e-01
-2.351114188684910178e-01,1.228924713004031277e+00
1.552504660887797039e+00,1.221794183276965873e+00
7.900550367595414736e-01,1.582061175086105553e+00
1.178072061870744980e+00,1.237995187961237198e+00
-4.344885019503063606e-01,-1.106264712484811147e-01
-1.590865379123586720e+00,-3.364120727676446210e-01
2.054022362681416636e-01,-2.617796643643445220e-01
-1.027875030827335001e+00,1.478400173517614435e+00
-9.996430766604260665e-01,-1.181601774659547965e+00
-1.538872102808202857e+00,-4.363836244857177138e-01
-1.020746991654888393e-02,-5.846217633325031526e-01
1.507436961357502270e+00,-3.449424083354184489e-01
-1.589418540091532606e+00,-3.281686063249400487e-01
4.912016043044442615e-01,-7.239747390306129349e-01
4.046416131860878229e-01,8.914701686514612256e-01
8.484557467407152220e-01,1.184710861530472226e+00
-1.425542717523904601e+00,1.398130235900681140e-01
-1.507090591873968100e+00,1.367630253189638712e+00
-1.338032147582823850e+00,1.339426525743291074e-01
5.914436654985355535e-01,-1.137921744944268010e+00
-1.401002780004507731e+00,4.693486782504455723e-01
-1.179791140839284269e+00,8.928004212984955168e-02
6.119753676544587018e-01,-2.551366970996918893e-01
-1.387207103065932978e+00,1.402882414144324130e-01
1.236927017760617531e+00,-1.297320214355070833e+00
-1.366344352006719109e+00,1.280403223245638378e+00
-1.354623040000423551e+00,-9.988700518081063962e-01
3.382454686436300872e-01,9.079699465048721718e-01
1.333895188439935486e+00,-1.090802574078271192e+00
1.511743184004324947e+00,1.247567957541404926e+00
-1.004879344948005765e-01,-1.564548333244034195e+00
5.522457209837847159e-02,1.267580582673057954e-01
-1.479730136280620556e+00,-3.106999687909371421e-01
8.403115762466218941e-01,3.327900271070214910e-01
-2.439744305877069586e-01,-1.492329842703619347e+00
-1.120301595511416615e+00,-1.204114539401467177e+00
1.327559848888928196e+00,9.769863135013584499e-01
-1.239571335211751224e+00,-5.669142765176726773e-01
-6.800229248226032919e-01,1.074460535589892407e+00
1.436418153208509629e-01,7.939561752850441412e-01
-1.209906924298465913e+00,1.106789814307657993e+00
-9.002274159766890382e-02,-5.496525466539943228e-01
8.162150135329694356e-01,9.205813986778355051e-01
5.581552648351618684e-01,5.573811367386914961e-01
-2.730146782316070220e-02,1.282533415350237904e+00
-1.130160812564167339e+00,1.008821162928041915e+00
1.159847129404959931e+00,-1.579946490997051756e+00
1.455964510514569654e-01,6.212921687214502386e-02
1.341956396992243894e+00,-8.769110390565957314e-01
1.436122990938962340e+00,8.758582805940317018e-01
-1.615841110619475884e+00,7.478303947741709035e-01
-1.471911548698155547e+00,-1.855993638045072280e-01
3.263725832031890706e-01,1.623606981122396764e+00
3.521393932548230188e-01,-1.231074406485879846e+00
8.623601723563493193e-01,-6.087082201932463299e-01
6.855300599794477145e-01,7.966243164807392807e-01
3.741081838466696063e-01,1.241093190527522427e+00
6.384683886088083904e-01,9.624389628848616374e-01
-1.541562584048269846e+00,-1.371103275552423062e+00
7.011929575855403440e-01,1.087945251149263770e+00
-1.223536279726284981e+00,-1.751424806730754957e+00
1.241468416642190986e+00,-1.146472876596849044e+00
1.266402205014612557e-02,8.228255273398719094e-01
-1.161431840529727699e+00,3.208023271434179979e-01
-7.144422256016678130e-01,-4.204364626001772520e-01
1.375492872099950414e-01,-1.333487109734932341e+00
-1.047763906103928111e+00,-1.537497666712106748e+00
1.626899347835679965e-01,-1.744388067204842852e+00
5.911899544764226411e-01,-8.644268374282562117e-01
1.069587057300853683e+00,-1.161295732554460614e+00
-1.583504550510891340e+00,1.172227572334915813e+00
5.061410951498019895e-01,-3.242903819093721496e-01
-1.376783603232542674e+00,-2.105506608717999106e-01
-8.698461670092511033e-01,-7.981875798380194675e-02
2.723572969882997463e-01,-1.529438291236933312e+00
-9.390582074779938448e-01,7.125562626882935291e-01
1.220767062225861066e+00,1.646361413909426252e+00
9.252162916013991767e-01,3.006119406933318583e-01
6.572997069794352942e-01,-1.726039968026002347e+00
4.580506599872937734e-01,-4.604056797655186051e-01
-8.322465476202782486e-02,4.205572930884757255e-01
1.524238256119232693e+00,-1.527952848518767670e+00
2.725401001305828574e-02,-1.377283182527249128e+00
-1.310615660961838846e-01,1.025988793058036475e+00
6.220789492522386110e-01,8.768453106011442344e-01
-1.193989142370167844e+00,7.948977892943572821e-01
4.081531584961899106e-02,-6.784669681157616816e-01
1.646981847009246325e+00,-1.620847561109168389e+00
7.711291128952871832e-01,5.274162846437844276e-01
-6.196417788881954936e-01,-1.274059075723984247e+00
8.224926895869189014e-02,8.179041015241180768e-01
1.276652589673869631e+00,1.024931247269704304e+00
7.643399821330894017e-01,-3.044878701168859392e-01
-2.571546105708480065e-02,4.626066126998766292e-01
-2.606520416293541254e-01,-9.868101595213737420e-01
5.995134184414491543e-03,-9.807123300615236960e-01
6.637424013909790088e-02,-1.199050990593149013e+00
-4.131760513220810727e-01,6.584965180491928471e-01
9.426431946465764211e-01,-5.559269672902208415e-01
-7.372482238019916201e-01,-3.248831996974131386e-01
1.011774209006337660e-01,1.375371026024052146e+00
-1.755341342957013606e-01,-4.716724506040542719e-01
1.639072428004210602e+00,8.372988345993710446e-01
2.753606605933675011e-01,-1.797481649521860403e-01
8.000401379662421819e-01,1.646521298641825115e-01
-9.805501196327827129e-01,-1.166398986899560564e+00
-2.731428202680085682e-01,-1.128422482386931325e+00
-1.469711776643455092e+00,-3.356674166689622152e-01
-4.465002491654489480e-01,3.569312214927183313e-01
-7.743344675774524455e-02,-3.514857979076703165e-01
-1.051998802274838996e+00,-1.175472414362629170e+00
5.023306621160407159e-01,-1.170069018738683075e+00
-2.750081348612243640e-02,-1.193762648066853671e-01
1.077038979311002453e+00,1.263970637692283239e+00
9.912849228154588799e-01,1.229051865613431049e+00
-8.527036387654830518e-01,1.004505410201317339e+00
1.570289191048264810e+00,1.059664774980419555e+00
1.155900658372725598e+00,8.351207171595604883e-01
-1.324838054327472925e+00,-1.268980412772880983e+00
-8.555396941336830263e-01,-1.341411770775151613e+00
8.984894039269639698e-01,-5.220992389367706821e-01
9.471831590551929025e-01,-1.020606378602161968e+00
-8.233467839842359970e-01,-1.482407746297624174e+00
-7.261576645578572409e-01,1.339207663633312118e+00
-1.509852400345068180e+00,1.144615882597220136e+00
1.045864293700577541e+00,-1.375451546015443727e+00
-9.431161896698126990e-01,1.024267740095407886e+00
-1.460672712331450462e+00,1.219221201644389740e+00
2.317462467097137491e-01,1.083996676963509875e+00
2.327066954550563449e-01,8.421232191001758460e-01
1.333625528329492216e+00,6.695046985686066154e-01
-5.486074567773108202e-01,-7.204473878259193276e-01
8.561891028671332338e-01,-9.283626795469659410e-01
-1.469368722360636648e+00,7.829173310213307646e-01
-1.369297931481861408e+00,-1.078849638893791152e+00
-1.207377141738194215e+00,1.659934189712595654e+00
9.950454045014307525e-01,-6.636070105505719186e-01
-9.025405199079961083e-02,-8.487476755062373091e-01
-7.882550287622369645e-01,-1.737800607537096365e-01
1.485482651487102679e+00,-6.693861261428949438e-01
-6.754895935107188554e-02,4.926595987630252860e-01
-1.491371479992071869e+00,-1.611654230675360511e+00
-1.025488162703955375e+00,-1.371624436300695679e-02
-5.370716374708767171e-01,1.635158642658226524e+00
-9.940101071232110286e-01,-1.307428302505785345e+00
-1.128713653559035190e+00,-1.565429872424463964e+00
-7.408461916630917354e-01,8.174609448176702875e-01
-1.651311930514157478e+00,7.965875766888049769e-01
-2.114916293587917051e-01,-1.208766325038298062e+00
-1.525109684959676359e+00,1.463300756366179067e+00
-2.279273408393989453e-01,-1.052739084971694439e+00
1.326283636357858065e+00,4.500278589783314742e-01
-6.118677995020499472e-01,1.513778444191670625e+00
1.470336682196384803e+00,-2.429027507161937161e-01
6.460367842947213335e-01,-1.424746681172340546e-01
5.181414600104684576e-01,3.441213976433338262e-01
8.479288361010187680e-01,-1.283307822813957833e+00
9.058030638833789450e-01,9.259224458783000822e-01
-1.374837957267760480e+00,-3.420187338901230917e-02
1.723165662657751396e+00,1.327093694077609243e+00
1.540340923094195569e+00,-2.803032938611060843e-01
-1.961318337830956493e-01,1.349364216990359688e+00
4.832148848832239496e-01,-2.256831732627076204e-01
-1.092170225214935675e+00,-2.047145965691201386e-01
5.449830779949650372e-01,-9.771462583111484301e-01
-9.074279478487173867e-01,-1.213324273745857607e+00
2.487254152869687873e-01,-6.408586900823765031e-01
-1.160715798932921983e+00,1.293663813638946891e+00
-1.622092169705134923e+00,1.611694627662002999e+00
-1.236099126855941366e+00,-7.510262460732864964e-01
1.149829988083620469e+00,3.226120221673178246e-01
1.076466195066620307e-01,1.900895797820327526e-02
1.584948201777138133e+00,1.532939452789133794e+00
-6.583890940853827090e-01,-6.362530996370166503e-02
1.393708009649697876e+00,8.735176378694957666e-01
1.648229588361311615e+00,-8.499720331641236193e-01
-1.205998156000334109e+00,-1.357888928556260089e+00
7.450431603710161443e-01,-7.364238144145144327e-01
1.479183946904633506e+00,4.984292590199501660e-02
1.395668523377263437e+00,1.562460604666076947e+00
-1.438954811939747280e+00,-5.617116576588400134e-01
8.635205685820582788e-01,-1.045199736949201652e+00
1.517498040804111215e+00,9.001714451150191199e-01
-1.282387205558760845e+00,4.359307469825732251e-01
-6.940447953210092669e-01,-1.104122210667415199e-01
5.755882413219087779e-01,-4.724327870309231736e-01
-2.687541700552935620e-01,1.488180177710624941e+00
-1.534847637510356355e+00,-1.315515856347587942e+00
-1.570043376791796785e-01,1.519233827417171279e-01
-2.086318054016266244e-01,9.803791012420369766e-01
1.408092331488101090e+00,1.306062360454199878e-01
-4.387302208459026853e-01,3.750892886357873324e-01
4.101443287136560811e-01,-1.012533387380526007e+00
1.131116001146962757e+00,1.490031938136646028e+00
1.241560724696978202e+00,1.735257629623943587e-01
8.283345092579083024e-01,-1.121604545897270544e+00
-3.393146886158429076e-01,2.631732136740055905e-01
4.126491877432393873e-01,1.617526237196102112e+00
-9.350878580530347373e-01,1.474465578492104800e+00
-5.314324482610900402e-01,-1.986798116988773566e-01
-5.327601430537149962e-01,-5.691777677894923615e-01
-9.916212044393378777e-01,-8.956706361545522244e-01
-1.517710920349262471e+00,-3.802871721582508358e-02
-1.585012411716583358e+00,2.003040424360844340e-01
-1.394865587224329406e+00,-4.328839783204549430e-01
-1.486325849888252337e+00,-4.375418388827618799e-01
-1.576611433761602621e+00,8.271393456096740593e-01
1.703355929242187594e+00,-6.997965221152800952e-01
-1.655165680213475765e+00,-1.613478795514952768e+00
1.301202062714960528e+00,-6.001181321725858053e-01
8.119687678346845239e-01,1.322984269961240633e+00
1.066796257577884877e+00,-3.346992774869634868e-01
1.381485452247474877e+00,-7.253038088898641211e-01
5.218015478476407676e-01,1.004313061237446458e+00
-3.782942522467176438e-01,-9.861334632486207230e-01
3.953014988996882972e-01,-9.345624772544144365e-01
-9.639683085368386806e-01,-5.897299818875595401e-01
1.506690516791480361e+00,1.428356178629016648e+00
1.329291959625407804e+00,-6.276924486898802780e-01
-2.707801782932303669e-01,-5.724433068417301707e-01
-1.272123061819153467e+00,-9.594340897803912416e-01
-3.377624186461430922e-02,-2.446709631681328323e-01
-9.497556682217118684e-01,-1.322672515946926364e+00
3.676019401751522420e-01,-5.315126581307204612e-01
-3.324938588504888076e-02,1.367419937097605454e+00
1.343414544523393817e+00,7.383619238332950196e-01
4.204505224034853494e-01,-1.533252840147473650e+00
-1.154518129970982576e+00,1.258452800049204345e+00
4.447953218376259066e-02,-7.022054340163588204e-01
1.039374807617225338e+00,1.622370794199415212e+00
-1.867084208518419441e-01,-1.412240245966917218e+00
3.387128394220298988e-01,-2.536710501569765519e-01
1.659939182010888858e+00,-2.803626335716162266e-01
1.668825145766241524e+00,-1.106787809821995872e+00
7.301442796646251399e-01,-1.225644917197913353e+00
-1.661590410929368655e+00,1.432702684362538781e+00
8.704991331182466707e-01,1.505963243692719777e-01
8.809297313176099875e-01,1.275091220973722406e+00
1.490924871447867117e+00,-1.602762767213013584e+00
2.733248060039301097e-01,1.578843560138938118e+00
-2.446394075005598745e-01,-1.361978023192826903e+00
-5.111457324423142046e-01,-7.192316675147694682e-02
1.104368761250607012e+00,7.177653828616180620e-01
-1.213015047669586455e+00,1.485895151458654695e+00
-1.385783008831208141e-01,-2.678145311729140943e-01
1.429915710571448173e+00,-1.364345269854027043e+00
1.412127008769102909e-01,3.823213441559773496e-01
-1.535308980144065139e+00,-7.452897385309245060e-01
-3.572739882866239891e-01,2.263326907879811278e-01
4.145115496333089400e-01,1.610035664140617939e+00
1.597912271708478382e+00,1.642852967992105118e+00
-9.314967237008223711e-01,5.128633850095184465e-01
-3.050498052622519496e-01,-2.669119283276710219e-01
-6.831346940059668249e-01,1.243738704183446675e+00
-2.535937494002968307e-01,-6.373571334950567380e-01
9.061247924495953177e-01,9.980384880656997804e-02
-1.559632068707868857e+00,8.966978021204169425e-01
1.465298727538231649e+00,1.388791242509783475e+00
1.602921835939321138e+00,1.324855457184090701e+00
-7.289789521577261233e-01,1.621273105722848884e+00
1.122320027273483234e+00,-1.455608330739214473e+00
-1.051804112555215998e+00,2.303059764748641713e-01
-1.355915686118783769e+00,-6.527965634609818046e-01
-9.226043000882553358e-01,-1.687465708603978820e+00
-2.026459744411925057e-01,-2.006324886030316501e-01
-8.277700318511830302e-01,-8.556112339089279040e-01
-8.895365634613073835e-01,1.193316978333676337e+00
